{
  "teacher": "Qwen/Qwen3.5-35B-A3B",
  "max_new_tokens": 512,
  "max_prompt_len": 1024,
  "block_seed": null,
  "n_prompts": 119,
  "n_prompts_filtered": 1,
  "min_completion_tokens": 64,
  "students": {
    "aidonuts/floudering-domino-s7000-a040-a057": {
      "status": "scored",
      "kl_global_avg": 0.103879,
      "kl_per_prompt": [
        0.034903,
        0.056064,
        0.329739,
        0.080837,
        0.015172,
        0.207312,
        0.04332,
        0.02536,
        0.046732,
        0.162256,
        0.040311,
        0.032236,
        0.170606,
        0.01416,
        0.02319,
        0.054094,
        0.038669,
        0.202941,
        0.288167,
        0.009345,
        0.046511,
        0.041067,
        0.216189,
        0.263594,
        0.080754,
        0.095985,
        0.269704,
        0.015051,
        0.019366,
        0.098011,
        0.844915,
        0.16218,
        0.044351,
        0.202417,
        0.083404,
        0.26001,
        0.042013,
        0.043547,
        0.229974,
        0.027198,
        0.088424,
        0.021879,
        0.138997,
        0.054861,
        0.023969,
        0.21779,
        0.420839,
        0.112973,
        0.108245,
        0.04762,
        0.041323,
        0.087073,
        0.201149,
        0.177611,
        0.033721,
        0.189358,
        0.083095,
        0.078167,
        0.128693,
        0.013795,
        0.16568,
        0.026608,
        0.06437,
        0.094526,
        0.136061,
        0.042709,
        0.087622,
        0.164284,
        0.056595,
        0.024775,
        0.094274,
        0.175237,
        0.029549,
        0.155134,
        0.038727,
        0.155974,
        0.138425,
        0.025719,
        0.266898,
        0.021802,
        0.096939,
        0.059412,
        0.041201,
        0.139626,
        0.049803,
        0.031885,
        0.038306,
        0.013832,
        0.152411,
        0.090792,
        0.187174,
        0.039376,
        0.132424,
        0.097725,
        0.154593,
        0.046315,
        0.050471,
        0.108034,
        0.027194,
        0.04183,
        0.017937,
        0.103247,
        0.102481,
        0.10736,
        0.028781,
        0.015486,
        0.031904,
        0.109196,
        0.114674,
        0.148272,
        0.012064,
        0.156661,
        0.160866,
        0.165621,
        0.13407,
        0.013037,
        0.109104,
        0.016531,
        0.018731
      ],
      "prompts_scored": 119,
      "scoring_time": 36.6,
      "load_time": 123.0,
      "early_stopped": false,
      "shadow_topk": {
        "kl_top100": 0.098158,
        "kl_top1000": 0.102334
      }
    },
    "Troiaaa/m-msjglbub": {
      "status": "scored",
      "kl_global_avg": 0.103897,
      "kl_per_prompt": [
        0.034407,
        0.056207,
        0.329719,
        0.080103,
        0.015144,
        0.205663,
        0.043105,
        0.02498,
        0.047043,
        0.163322,
        0.041423,
        0.033941,
        0.172398,
        0.014223,
        0.023614,
        0.052334,
        0.038274,
        0.202968,
        0.287136,
        0.009128,
        0.046716,
        0.042012,
        0.215607,
        0.264478,
        0.082332,
        0.096103,
        0.27096,
        0.014856,
        0.018965,
        0.098549,
        0.841289,
        0.159659,
        0.042675,
        0.20399,
        0.082959,
        0.256414,
        0.041542,
        0.04375,
        0.231396,
        0.027251,
        0.088906,
        0.021839,
        0.140148,
        0.055551,
        0.023549,
        0.215121,
        0.419906,
        0.113091,
        0.107363,
        0.047423,
        0.041133,
        0.086275,
        0.20066,
        0.176816,
        0.034775,
        0.198937,
        0.083061,
        0.077868,
        0.130421,
        0.013283,
        0.165345,
        0.026678,
        0.065226,
        0.094255,
        0.13746,
        0.043366,
        0.087576,
        0.161781,
        0.057045,
        0.024906,
        0.093352,
        0.176505,
        0.029678,
        0.15632,
        0.038343,
        0.157057,
        0.138912,
        0.024621,
        0.264314,
        0.021485,
        0.097237,
        0.061009,
        0.041105,
        0.140791,
        0.049392,
        0.031231,
        0.037386,
        0.012741,
        0.153599,
        0.091191,
        0.18762,
        0.039927,
        0.133327,
        0.09756,
        0.154903,
        0.046467,
        0.050259,
        0.108157,
        0.027741,
        0.040859,
        0.017037,
        0.104991,
        0.102949,
        0.106177,
        0.028552,
        0.015629,
        0.031005,
        0.108623,
        0.11355,
        0.148105,
        0.011226,
        0.155986,
        0.162939,
        0.167089,
        0.132846,
        0.012699,
        0.10969,
        0.016657,
        0.018517
      ],
      "prompts_scored": 119,
      "scoring_time": 37.1,
      "load_time": 1.7,
      "early_stopped": false,
      "shadow_topk": {
        "kl_top100": 0.09816,
        "kl_top1000": 0.102341
      }
    },
    "rlinprogress/sn97-distilled-V29": {
      "status": "scored",
      "kl_global_avg": 0.103874,
      "kl_per_prompt": [
        0.03502,
        0.055835,
        0.329479,
        0.080789,
        0.015165,
        0.206862,
        0.043475,
        0.025588,
        0.046891,
        0.162989,
        0.040156,
        0.03228,
        0.17032,
        0.014102,
        0.023285,
        0.053977,
        0.038751,
        0.202888,
        0.287042,
        0.009242,
        0.046565,
        0.040961,
        0.216078,
        0.263932,
        0.080568,
        0.095719,
        0.270205,
        0.014916,
        0.019243,
        0.098335,
        0.844471,
        0.161344,
        0.044487,
        0.202201,
        0.083017,
        0.260206,
        0.042084,
        0.04353,
        0.230045,
        0.027131,
        0.088617,
        0.021978,
        0.139316,
        0.054727,
        0.023965,
        0.217186,
        0.421385,
        0.112755,
        0.107477,
        0.048203,
        0.041221,
        0.087192,
        0.201909,
        0.1781,
        0.033705,
        0.189116,
        0.08354,
        0.078224,
        0.129031,
        0.013689,
        0.165348,
        0.026789,
        0.064442,
        0.094297,
        0.136106,
        0.042572,
        0.087286,
        0.164331,
        0.056664,
        0.024584,
        0.094702,
        0.175651,
        0.029543,
        0.15522,
        0.038779,
        0.155918,
        0.138624,
        0.025437,
        0.26721,
        0.021588,
        0.097349,
        0.059758,
        0.04118,
        0.139674,
        0.049961,
        0.031752,
        0.038505,
        0.01384,
        0.153023,
        0.091434,
        0.186872,
        0.039352,
        0.132704,
        0.097205,
        0.154701,
        0.046466,
        0.050024,
        0.108073,
        0.027255,
        0.04202,
        0.017785,
        0.103347,
        0.102688,
        0.107826,
        0.028803,
        0.015597,
        0.031777,
        0.109123,
        0.114546,
        0.147386,
        0.012141,
        0.155408,
        0.160853,
        0.165147,
        0.133925,
        0.01317,
        0.109493,
        0.016388,
        0.018811
      ],
      "prompts_scored": 119,
      "scoring_time": 37.7,
      "load_time": 33.7,
      "early_stopped": false,
      "shadow_topk": {
        "kl_top100": 0.098145,
        "kl_top1000": 0.102326
      }
    },
    "rlinprogress/sn97-distilled-V28": {
      "status": "scored",
      "kl_global_avg": 0.104018,