{
  "teacher": "Qwen/Qwen3.5-35B-A3B",
  "max_new_tokens": 512,
  "max_prompt_len": 1024,
  "block_seed": null,
  "n_prompts": 116,
  "n_prompts_filtered": 4,
  "min_completion_tokens": 64,
  "students": {
    "aidonuts/flatulent-flamingo-s550-a031": {
      "status": "scored",
      "kl_global_avg": 0.095756,
      "kl_per_prompt": [
        0.091908,
        0.017875,
        0.105561,
        0.051269,
        0.211976,
        0.139895,
        0.016896,
        0.099527,
        0.159851,
        0.206638,
        0.160279,
        0.284007,
        0.025736,
        0.00744,
        0.093963,
        0.137737,
        0.074149,
        0.092686,
        0.017028,
        0.028172,
        0.121218,
        0.066445,
        0.4299,
        0.172472,
        0.152337,
        0.014337,
        0.095902,
        0.012938,
        0.074566,
        0.057163,
        0.064965,
        0.107394,
        0.019272,
        0.150319,
        0.296041,
        0.178058,
        0.013151,
        0.173812,
        0.088336,
        0.054247,
        0.119094,
        0.035115,
        0.047592,
        0.238643,
        0.049242,
        0.27343,
        0.152002,
        0.119581,
        0.024503,
        0.16038,
        0.098537,
        0.067268,
        0.017106,
        0.089582,
        0.038005,
        0.030272,
        0.065791,
        0.184523,
        0.29316,
        0.044152,
        0.084035,
        0.034139,
        0.413078,
        0.023532,
        0.158937,
        0.100005,
        0.033193,
        0.060005,
        0.093181,
        0.090055,
        0.071507,
        0.023458,
        0.040677,
        0.0454,
        0.022199,
        0.144759,
        0.120153,
        0.013985,
        0.156021,
        0.031465,
        0.021424,
        0.033414,
        0.139097,
        0.028154,
        0.038543,
        0.046411,
        0.021423,
        0.039965,
        0.056603,
        0.033206,
        0.035756,
        0.206141,
        0.08875,
        0.037533,
        0.116506,
        0.050519,
        0.011297,
        0.015493,
        0.039698,
        0.088453,
        0.045652,
        0.153104,
        0.064767,
        0.07956,
        0.082489,
        0.132556,
        0.116927,
        0.009942,
        0.128266,
        0.017395,
        0.051764,
        0.045307,
        0.206192,
        0.082148,
        0.031987,
        0.437978
      ],
      "prompts_scored": 116,
      "scoring_time": 27.5,
      "load_time": 157.1,
      "early_stopped": false,
      "shadow_topk": {
        "kl_top100": 0.090206,
        "kl_top1000": 0.094277
      }
    },
    "aidonuts/floudering-domino-s7000-a040-a057": {
      "status": "scored",
      "kl_global_avg": 0.095577,
      "kl_per_prompt": [
        0.092355,
        0.01739,
        0.105019,
        0.051381,
        0.211365,
        0.139035,
        0.016873,
        0.098106,
        0.159402,
        0.205961,
        0.15947,
        0.284908,
        0.025158,
        0.007309,
        0.092365,
        0.136285,
        0.074324,
        0.095613,
        0.016906,
        0.028297,
        0.120205,
        0.065922,
        0.432831,
        0.172399,
        0.152381,
        0.014142,
        0.095655,
        0.013219,
        0.074597,
        0.057724,
        0.064661,
        0.107225,
        0.019893,
        0.149064,
        0.296476,
        0.177959,
        0.013037,
        0.17245,
        0.088013,
        0.054012,
        0.118757,
        0.035295,
        0.048182,
        0.2385,
        0.049276,
        0.273529,
        0.14951,
        0.118973,
        0.024306,
        0.158825,
        0.098334,
        0.067192,
        0.016617,
        0.089596,
        0.037842,
        0.029864,
        0.066165,
        0.184344,
        0.293059,
        0.043795,
        0.08381,
        0.034175,
        0.410793,
        0.02354,
        0.159353,
        0.099601,
        0.033412,
        0.060201,
        0.092987,
        0.090826,
        0.071556,
        0.022936,
        0.040964,
        0.045141,
        0.021844,
        0.144311,
        0.118984,
        0.014315,
        0.155885,
        0.031303,
        0.02154,
        0.033586,
        0.139958,
        0.028742,
        0.038424,
        0.046005,
        0.021506,
        0.040454,
        0.056192,
        0.032484,
        0.03587,
        0.205194,
        0.088074,
        0.037251,
        0.116124,
        0.049856,
        0.011217,
        0.015565,
        0.039794,
        0.088679,
        0.045333,
        0.151956,
        0.063125,
        0.079316,
        0.082864,
        0.132736,
        0.116557,
        0.010007,
        0.128486,
        0.017316,
        0.051813,
        0.044643,
        0.206144,
        0.081621,
        0.031388,
        0.439846
      ],
      "prompts_scored": 116,
      "scoring_time": 28.0,
      "load_time": 1.6,
      "early_stopped": false,
      "shadow_topk": {
        "kl_top100": 0.090057,
        "kl_top1000": 0.09411
      }
    },
    "cosmosfast/97-5": {
      "status": "scored",
      "kl_global_avg": 0.101875,
      "kl_per_prompt": [
        0.09116,
        0.015902,
        0.115118,
        0.056051,
        0.211453,
        0.131298,
        0.016475,
        0.097908,
        0.175315,
        0.195243,
        0.183127,
        0.250844,
        0.029199,
        0.005553,
        0.100052,
        0.131499,
        0.071378,
        0.096156,
        0.020687,
        0.032751,
        0.122034,
        0.069772,
        0.445483,
        0.180405,
        0.165435,
        0.017686,
        0.101992,
        0.018871,
        0.0757,
        0.060701,
        0.072591,
        0.105886,
        0.018305,
        0.145536,
        0.327244,
        0.169077,
        0.016125,
        0.178946,
        0.096542,
        0.054613,
        0.129245,
        0.037711,
        0.051591,
        0.232598,
        0.05173,
        0.286111,
        0.165542,
        0.121862,
        0.028505,
        0.162303,
        0.10485,
        0.064823,
        0.022389,
        0.092836,
        0.039804,
        0.032339,
        0.07123,
        0.180367,
        0.293391,
        0.044534,
        0.081311,
        0.037053,
        0.559454,
        0.025935,
        0.15873,
        0.113332,
        0.037829,
        0.065321,
        0.099342,
        0.09362,
        0.074417,
        0.021533,
        0.044987,
        0.04489,
        0.025913,
        0.179279,
        0.114791,
        0.024401,
        0.163196,
        0.03358,
        0.024679,
        0.036136,
        0.157644,
        0.069645,
        0.039509,
        0.045767,
        0.021798,
        0.043482,
        0.055637,
        0.038112,
        0.037171,
        0.20476,
        0.084791,
        0.03756,
        0.110532,
        0.049395,
        0.015482,
        0.016885,
        0.042107,
        0.0908,
        0.047726,
        0.15295,
        0.057525,
        0.07555,
        0.081994,
        0.134839,
        0.116615,
        0.011332,
        0.123211,
        0.017248,
        0.06529,
        0.05672,
        0.225015,
        0.081037,
        0.035349,
        0.630388
      ],
      "prompts_scored": 116,
      "scoring_time": 37.7,
      "load_time": 60.7,
      "early_stopped": false,
      "shadow_topk": {
        "kl_top100": 0.095732,
        "kl_top1000": 0.100227
      }
    },
    "rlinprogress/sn97-distilled-V29": {
      "status": "scored",
      "kl_global_avg": 0.095588,